2h0ik5,Gloves,Misc,4,94,28.2
2h0ik5,Meat,Food,4,61,12.200000000000001
1c6mv5,Shovel,Misc,6,64,32.0
1c6mv5,Light bulb,Misc,3,7,1.4000000000000001
2h0ik5,Doll,Toys,5,1,0.3
