ma46k6,Lighter,Misc,1,17,5.1
17v3ss,Shovel,Misc,9,53,5.300000000000001
ti42w9,Bucket,Misc,10,31,9.299999999999999
ma46k6,Shovel,Misc,3,11,4.4
ti42w9,Cheese,Food,10,59,29.5
ti42w9,Toy car,Toys,2,49,24.5
17v3ss,Shovel,Misc,9,34,3.4000000000000004
17v3ss,Shovel,Misc,5,6,3.0
