y63we4,Milk,Food,1,18,7.2
x6w5t1,Bucket,Misc,7,23,4.6000000000000005
y63we4,Oil,Misc,9,46,9.200000000000001
x6w5t1,Candy,Food,5,44,8.8
x6w5t1,Gloves,Misc,8,91,18.2
