j1gj31,Lighter,Misc,7,80,40.0
u99g5y,Ball,Toys,3,3,0.6000000000000001
8d27ns,Light bulb,Misc,7,60,6.0
u99g5y,Shovel,Misc,9,93,9.3
u99g5y,Light bulb,Misc,7,6,1.7999999999999998
8d27ns,Milk,Food,10,36,10.799999999999999
