31pyl3,Milk,Food,6,99,29.7
a152vy,Lighter,Misc,8,28,8.4
0gp2r3,Kite,Toys,9,33,3.3000000000000003
p24e0m,Bucket,Misc,4,81,8.1
a152vy,Bread,Food,3,81,16.2
31pyl3,Gloves,Misc,3,47,9.4
a152vy,Milk,Food,8,65,13.0
p24e0m,Milk,Food,6,66,6.6000000000000005
31pyl3,Gloves,Misc,4,37,3.7
3f6eg9,Ball,Toys,5,56,0.0
0gp2r3,Oil,Misc,1,6,0.6000000000000001
a152vy,Toy car,Toys,1,23,9.200000000000001
3f6eg9,Ball,Toys,10,41,0.0
