4ev4r9,Wig,Misc,1,29,0.0
b56k7x,Oil,Misc,6,55,11.0
b56k7x,Oil,Misc,3,88,17.6
c8o0b8,Light bulb,Misc,3,55,22.0
c8o0b8,Spinner,Toys,4,53,0.0
4ev4r9,Chess,Toys,9,76,15.200000000000001
c8o0b8,Shovel,Misc,7,29,2.9000000000000004
raq462,Lighter,Misc,7,80,32.0
y41kv0,Lighter,Misc,2,68,0.0
b56k7x,Milk,Food,2,92,18.400000000000002
y41kv0,Kite,Toys,9,31,6.2
y41kv0,Milk,Food,2,48,19.200000000000003
