190ikt,Wig,Misc,7,30,9.0
44box1,Lego,Toys,6,65,6.5
44box1,Cheese,Food,3,53,15.899999999999999
44box1,Ball,Toys,10,21,2.1
44box1,Beer,Food,7,72,28.8
44box1,Wig,Misc,4,35,10.5
190ikt,Fish,Food,5,61,6.1000000000000005
